FID,PRKID,PRKNAME,PRKADDR,STREETNO,STREETDIR,STREETNM,STREETTYPE,STREETSUFF,CITY,STATE,ZIP,PRKTYPE,PRKSTATUS,PRKDIST,PRKSIZE,PRKPHONE,PRKAGE,PRKADAACC,CITYCOUNCI,BOCC,PRKDATE,USERID,UPSIZE_TS,X,Y,LEASEDID
1,MAYP,MAYERLING DRIVE NEIGHBORHOOD PARK,8420 LAWYERS RD,0, ,NO ADDRESS, , ,CHARLOTTE,NC,28227,NEIGHBORHOOD PARK,UNDEVELOPED,SOUTH,5.556, ,0,0, ,District 6,2003-07-11T00:00:00.000Z,BLACKSR, ,1491199.03239,527559.946559, 
2,MCCP,MCALPINE CREEK REGIONAL PARK,8711  MONROE RD,8711, ,MONROE,RD, ,CHARLOTTE,NC,28212,REGIONAL PARK,DEVELOPED,SOUTH,114.01,7045684044,0,0,District 6,District 5,2008-05-14T00:00:00.000Z,BLACKSR, ,1478221.48914,514435.247884, 
3,MCDL,MCDOWELL NATURE PRESERVE,15222 YORK RD,15222, ,YORK,RD, ,CHARLOTTE,NC,28278,NATURE PRESERVE,DEVELOPED,SOUTH,1103.4,7045885224,0,0, ,District 1,1998-07-28T00:00:00.000Z,BLACKSR, ,1394658.32463,495409.114332, 
4,MCIN,MCINTYRE HISTORIC SITE,5801 MCINTYRE AV,5801, ,MCINTYRE,AV, ,CHARLOTTE,NC,28216,SPECIAL FACILITY,DEVELOPED,NORTH,1.746,7043368096,0,0,District 2,District 3,1998-07-28T00:00:00.000Z,BLACKSR, ,1444071.11573,573787.060336, 
5,MCKE,MCKEE ROAD COMMUNITY PARK,4201 MCKEE RD,4201, ,MCKEE,RD, ,CHARLOTTE,NC,28270,COMMUNITY PARK,DEVELOPED,SOUTH,20.574,7046433405,0,0,District 7,District 6,1998-10-07T00:00:00.000Z,BLACKSR, ,1474330.29341,484449.018425, 
6,MDLC,MARION DIEHL CENTER,2219 TYVOLA RD,2219, ,TYVOLA,RD, ,CHARLOTTE,NC,28210,RECREATION CENTER,DEVELOPED,SOUTH,0,7045270237,0,0,District 6,District 2,1998-07-28T00:00:00.000Z,BLACKSR, ,1444043.06183,518357.408846, 
7,MDLP,MARION DIEHL COMMUNITY PARK,2219 TYVOLA RD,2219, ,TYVOLA,RD, ,CHARLOTTE,NC,28210,COMMUNITY PARK,DEVELOPED,SOUTH,78.715,7046433405,0,0,District 6,District 2,1998-07-28T00:00:00.000Z,BLACKSR, ,1444856.92135,517939.475118, 
8,MEMS,MEMORIAL STADIUM COMPLEX,310 N KINGS DR,310,N,KINGS,DR, ,CHARLOTTE,NC,28204,SPECIAL FACILITY,DEVELOPED,CENTRAL,12.258,7043362884,0,0,District 1,District 4,1998-07-28T00:00:00.000Z,BLACKSR, ,1454012.64528,539681.337621, 
9,MIDW,MIDWOOD NEIGHBORHOOD PARK,2100 WILHELMINA AV,2100, ,WILHELMINA,AV, ,CHARLOTTE,NC,28205,NEIGHBORHOOD PARK,DEVELOPED,CENTRAL,6.203,7043363367,0,0,District 1,District 4,1998-07-28T00:00:00.000Z,BLACKSR, ,1461718.34184,543588.466081, 
10,MLCP,MALLARD CREEK REGIONAL PARK,3001 JOHNSTON OEHLER RD,3001, ,JOHNSTON OEHLER,RD, ,CHARLOTTE,NC,28269,REGIONAL PARK,DEVELOPED,NORTH,310.049,7043368866,0,0,District 4,District 1,1998-07-28T00:00:00.000Z,BLACKSR, ,1475136.04707,591434.348892, 
11,MLDC,MALLARD CREEK CENTER,2530 JOHNSTON OEHLER RD,2530, ,JOHNSTON OEHLER,RD, ,CHARLOTTE,NC,28269,RECREATION CENTER,DEVELOPED,NORTH,0,7045488234,0,0,District 4,District 1,1998-08-12T00:00:00.000Z,BLACKSR, ,1476076.81419,589588.463632, 
12,MLKP,MARTIN LUTHER KING COMMUNITY PARK,2600 RAVENCROFT DR,2600, ,RAVENCROFT,DR, ,CHARLOTTE,NC,28208,COMMUNITY PARK,DEVELOPED,CENTRAL,29.131,7043531165,0,0,District 2,District 2,1998-07-28T00:00:00.000Z,BLACKSR, ,1441263.52551,549621.523399, 
13,MORG,CHERRY NEIGHBORHOOD PARK,1509 BAXTER ST,1506, ,BAXTER,ST, ,CHARLOTTE,NC,28204,NEIGHBORHOOD PARK,DEVELOPED,CENTRAL,1.891,7043362884,0,0,District 1,District 4,1998-07-28T00:00:00.000Z,BLACKSR, ,1452587.83867,536529.079092, 
14,MSNW,MASON WALLACE COMMUNITY PARK,7301 MONROE RD,7301, ,MONROE,RD, ,CHARLOTTE,NC,28212,COMMUNITY PARK,DEVELOPED,SOUTH,30.397,7045684044,0,0,District 5,District 4,1998-07-28T00:00:00.000Z,BLACKSR, ,1475386.78284,520579.818773, 
15,MTHC,METHODIST HOME CENTER,3200 SHAMROCK DR,3200, ,SHAMROCK,DR, ,CHARLOTTE,NC,28205,RECREATION CENTER,DEVELOPED,SOUTH,0,7045683363,0,0,District 1,District 4,1998-07-28T00:00:00.000Z,BLACKSR, ,1470566.65453,545365.622602, 
16,MTHP,METHODIST HOME NEIGHBORHOOD PARK,3200 SHAMROCK DR,3200, ,SHAMROCK,DR, ,CHARLOTTE,NC,28205,NEIGHBORHOOD PARK,DEVELOPED,SOUTH,10.453,7045684044,0,0,District 1,District 4,1998-07-28T00:00:00.000Z,BLACKSR, ,1470197.22497,544821.238548, 
17,NAOM,NAOMI DRENAN CENTER,750 BEAL ST,750, ,BEAL,ST, ,CHARLOTTE,NC,28211,RECREATION CENTER,DEVELOPED,SOUTH,0,7043651265,0,0,District 1,District 4,1998-07-28T00:00:00.000Z,BLACKSR, ,1463337.0942,529089.292754, 
18,NATM,FREEDOM PARK NATURE MUSEUM,1658 STERLING RD,1658, ,STERLING,RD, ,CHARLOTTE,NC,28209,SPECIAL FACILITY,DEVELOPED,CENTRAL,0,7043726261,0,0,District 1,District 5,1998-07-28T00:00:00.000Z,BLACKSR, ,1449490.06345,528492.20969,DISC
19,NCPK,NORTH CHARLOTTE NEIGHBORHOOD PARK,901 HERRIN AV,901, ,HERRIN,AV, ,CHARLOTTE,NC,28205,NEIGHBORHOOD PARK,DEVELOPED,CENTRAL,3.056,7043363367,0,0,District 1,District 3,1998-07-28T00:00:00.000Z,BLACKSR, ,1463246.2934,549329.760448, 
20,NEVN,NEVIN REGIONAL PARK,6000 STATESVILLE RD,6000, ,STATESVILLE,RD, ,CHARLOTTE,NC,28269,REGIONAL PARK,DEVELOPED,NORTH,196.981,7043368866,0,0,District 2,District 3,2000-12-11T00:00:00.000Z,BLACKSR, ,1451062.72582,569907.180943, 
21,NEWP,NEWELL COMMUNITY PARK,9130 NEWELL BAPTIST CHURCH RD,9130, ,NEWELL BAPTIST CHURCH,RD, ,CHARLOTTE,NC,28213,COMMUNITY PARK,DEVELOPED,NORTH,29.767,7043368866,0,0,District 4,District 1,1998-08-12T00:00:00.000Z,BLACKSR, ,1481887.60322,562882.685596, 
22,NINT,NINTH STREET NEIGHBORHOOD PARK,417 W 9TH ST,417,W,9TH,ST, ,CHARLOTTE,NC,28202,NEIGHBORHOOD PARK,DEVELOPED,CENTRAL,0.255,7043363367,0,0,District 2,District 3,1998-07-28T00:00:00.000Z,BLACKSR, ,1450224.24301,545218.445546, 
23,NMPK,NORTH MECKLENBURG COMMUNITY PARK,16131 OLD STATESVILLE RD,16131, ,OLD STATESVILLE,RD, ,HUNTERSVILLE,NC,28078,COMMUNITY PARK,DEVELOPED,NORTH,96.228,7048969808,0,0, ,District 1,1998-07-28T00:00:00.000Z,BLACKSR, ,1450882.60982,617708.216623,HUNT
24,OAKT,OAKHURST NEIGHBORHOOD PARK,3500 CRAIG AV,3500, ,CRAIG,AV, ,CHARLOTTE,NC,28211,NEIGHBORHOOD PARK,DEVELOPED,SOUTH,5.133,7046433405,0,0,District 5,District 4,1998-07-28T00:00:00.000Z,BLACKSR, ,1465243.52114,529418.21205, 
25,OEHP,OEHLER NATURE PRESERVE,HUNTERSVILLE-CONCORD RD,0, ,NO ADDRESS, , ,CHARLOTTE,NC,28078,NATURE PRESERVE,UNDEVELOPED,NORTH,144.766, ,0,0, ,District 1,2003-07-11T00:00:00.000Z,BLACKSR, ,1463392.24213,610821.65742, 
26,OLDP,OLDE PROVIDENCE COMMUNITY PARK,3800 REA RD,3800, ,REA,RD, ,CHARLOTTE,NC,28226,COMMUNITY PARK,DEVELOPED,SOUTH,39.326,7046433405,0,0,District 7,District 6,1998-07-28T00:00:00.000Z,BLACKSR, ,1462435.26535,499865.525905, 
27,PALC,POLICE ATHLETIC LEAGUE CENTER,800 OAKLAWN AV,800, ,OAKLAWN,AV, ,CHARLOTTE,NC,28206,RECREATION CENTER,DEVELOPED,CENTRAL,0,7043368043,0,0,District 2,District 2,1998-08-12T00:00:00.000Z,BLACKSR, ,1451555.98099,549443.862246, 
28,WEAC,WESTMORELAND REGIONAL PARK,17702 WEST CATAWBA AV,0, , , , ,HUNTERSVILLE,NC,28078,REGIONAL PARK,UNDEVELOPED,NORTH,126.868, ,0,0, ,District 1,2008-04-21T00:00:00.000Z,BLACKSR, ,1437644.46841,626468.352184,CORN
29,PENC,HICKORY GROVE NEIGHBORHOOD PARK,6709 PENCE RD,6709, ,PENCE,RD, ,CHARLOTTE,NC,28227,NEIGHBORHOOD PARK,DEVELOPED,SOUTH,11.433, ,0,0,District 5,District 1,2003-07-11T00:00:00.000Z,BLACKSR, ,1487119.93191,541516.158068, 
30,PERL,PEARLE STREET NEIGHBORHOOD PARK,1108 BAXTER ST,1108, ,BAXTER,ST, ,CHARLOTTE,NC,28204,NEIGHBORHOOD PARK,DEVELOPED,CENTRAL,8.386,7043362884,0,0,District 1,District 4,1998-07-28T00:00:00.000Z,BLACKSR, ,1451279.42334,537338.719888, 
31,PKRD,PARK ROAD COMMUNITY PARK,6220 PARK RD,6220, ,PARK,RD, ,CHARLOTTE,NC,28210,COMMUNITY PARK,DEVELOPED,SOUTH,71.473,7046433405,0,0,District 6,District 5,1999-05-07T00:00:00.000Z,BLACKSR, ,1447014.84499,513334.373751, 
32,PKTN,PARK ROAD TENNIS FACILITY,6215 PARK RD,6215, ,PARK,RD, ,CHARLOTTE,NC,28210,SPECIAL FACILITY,DEVELOPED,SOUTH,17.989,7046433405,0,0,District 6,District 5,1998-07-28T00:00:00.000Z,BLACKSR, ,1447096.3676,513335.830243, 
33,PNVP,PINEVILLE COMMUNITY PARK,1310 LAKEVIEW DR,0, ,NO ADDRESS, , ,PINEVILLE,NC,28134,COMMUNITY PARK,UNDEVELOPED,SOUTH,39.975, ,0,0, ,District 6,1998-09-18T00:00:00.000Z,BLACKSR, ,1431565.44067,488079.886492, 
34,PRES,PRESSLEY ROAD NEIGHBORHOOD PARK,1500 PRESSLEY RD,1500, ,PRESSLEY,RD, ,CHARLOTTE,NC,28217,NEIGHBORHOOD PARK,DEVELOPED,CENTRAL,5.954,7043531165,0,0,District 3,District 2,1998-07-28T00:00:00.000Z,BLACKSR, ,1434818.71389,531932.16463, 
35,PROG,PROGRESS NEIGHBORHOOD PARK,1301 PARKWOOD AV,1301, ,PARKWOOD,AV, ,CHARLOTTE,NC,28205,NEIGHBORHOOD PARK,DEVELOPED,CENTRAL,0.658,7043363367,0,0,District 1,District 3,1998-07-28T00:00:00.000Z,BLACKSR, ,1458838.96698,544717.029252, 
36,PROS,PROSPERITY CHURCH NEIGHBORHOOD PARK,12537 DEARMON RD,0, ,NO ADDRESS, , ,CHARLOTTE,NC,28269,NEIGHBORHOOD PARK,UNDEVELOPED,NORTH,1.189, ,0,0,District 4,District 1,2003-07-11T00:00:00.000Z,BLACKSR, ,1467133.82752,592813.191401, 
37,RAMA,RAMA ROAD NEIGHBORHOOD PARK,1035 RAMA RD,1035, ,RAMA,RD, ,CHARLOTTE,NC,28211,NEIGHBORHOOD PARK,DEVELOPED,SOUTH,14.437,7046433405,0,0,District 5,District 5,1998-07-28T00:00:00.000Z,BLACKSR, ,1470547.47171,521016.372652, 
38,RAMS,RAMSEY CREEK COMMUNITY PARK,18441  NANTZ RD,18441, ,NANTZ,RD, ,CORNELIUS,NC,28078,COMMUNITY PARK,DEVELOPED,NORTH,45.47,7048969808,0,0, ,District 1,2008-05-14T00:00:00.000Z,BLACKSR, ,1435541.46086,629694.539307, 
39,RAND,RANDOLPH ROAD COMMUNITY PARK,201 BILLINGSLEY RD,201, ,BILLINGSLEY,RD, ,CHARLOTTE,NC,28205,COMMUNITY PARK,DEVELOPED,CENTRAL,30.437,7043362884,0,0,District 1,District 4,1998-07-28T00:00:00.000Z,BLACKSR, ,1459459.57693,529232.800624, 
40,REDD,REDDMAN ROAD COMMUNITY PARK,REDDMAN RD,0, ,NO ADDRESS, , ,CHARLOTTE,NC,28212,COMMUNITY PARK,UNDEVELOPED,SOUTH,38.771, ,0,0,District 5,District 4,2003-07-11T00:00:00.000Z,BLACKSR, ,1477267.25234,530855.022394, 
41,REDY,REEDY CREEK REGIONAL PARK,2900  ROCKY RIVER RD,2900, ,ROCKY RIVER,RD, ,CHARLOTTE,NC,28215,REGIONAL PARK,DEVELOPED,NORTH,145.664,7043368866,0,0,District 4,District 3,2008-05-14T00:00:00.000Z,BLACKSR, ,1487611.45087,560044.243904, 
42,REID,REID NEIGHBORHOOD PARK,AMAY JAMES AV,0, ,NO ADDRESS, , ,CHARLOTTE,NC,28208,NEIGHBORHOOD PARK,UNDEVELOPED,CENTRAL,1.11, ,0,0,District 3,District 2,1998-10-12T00:00:00.000Z,BLACKSR, ,1432401.14444,534491.687523, 
43,RENP,REEDY CREEK NATURE PRESERVE,2900 ROCKY RIVER RD,2900, ,ROCKY RIVER,RD, ,CHARLOTTE,NC,28215,NATURE PRESERVE,DEVELOPED,NORTH,735.611,7045988857,0,0,District 4,District 1,1998-07-28T00:00:00.000Z,BLACKSR, ,1487617.14575,560047.455623, 
44,REVC,REVOLUTION SPORTS & LEARNING ACADEMY,1201 REMOUNT RD,1201, ,REMOUNT,RD, ,CHARLOTTE,NC,28208,RECREATION CENTER,DEVELOPED,CENTRAL,0,7043363841,0,0,District 3,District 2,1998-07-28T00:00:00.000Z,BLACKSR, ,1438883.94084,538171.182703, 
45,REVG,REVOLUTION GOLF COURSE,2661 BARRINGER DR,2661, ,BARRINGER,DR, ,CHARLOTTE,NC,28208,GOLF COURSE,DEVELOPED,CENTRAL,114.423,7043421946,0,0,District 3,District 2,1998-07-28T00:00:00.000Z,BLACKSR, ,1438474.16067,537556.829508, 
46,REVP,REVOLUTION COMMUNITY PARK,2425 BARRINGER DR,2425, ,BARRINGER,DR, ,CHARLOTTE,NC,28208,COMMUNITY PARK,DEVELOPED,CENTRAL,30.459,7043531165,0,0,District 3,District 2,1998-07-28T00:00:00.000Z,BLACKSR, ,1439617.91845,538667.998137, 
47,RGLF,RENAISSANCE GOLF COURSE,1525 W TYVOLA RD,1525,W,TYVOLA,RD, ,CHARLOTTE,NC,28217,GOLF COURSE,DEVELOPED,SOUTH,338.411,7043573375,0,0,District 3,District 2,1998-07-28T00:00:00.000Z,BLACKSR, ,1429241.28049,524383.128444, 
48,RIBW,RIBBONWALK NATURE PRESERVE,4601 NEVIN RD,4601, ,NEVIN,RD, ,CHARLOTTE,NC,28269,NATURE PRESERVE,DEVELOPED,NORTH,186.879, ,0,0,District 2,District 3,2005-07-11T00:00:00.000Z,BLACKSR, ,1457465.47825,565937.5997, 
49,RMBL,RAMBLEWOOD COMMUNITY PARK,10200 NATIONS FORD RD,10200, ,NATIONS FORD,RD, ,CHARLOTTE,NC,28273,COMMUNITY PARK,DEVELOPED,SOUTH,93.196,7045291827,0,0,District 3,District 2,1998-07-28T00:00:00.000Z,BLACKSR, ,1431192.57895,504991.622264, 
50,ROCK,THEREASEA C. ELDERS NEIGHBORHOOD PARK,6325 ROCKWELL CHURCH RD,6325, ,ROCKWELL CHURCH,RD, ,CHARLOTTE,NC,28269,NEIGHBORHOOD PARK,DEVELOPED,NORTH,16.102,7043368866,0,0,District 2,District 1,1998-10-12T00:00:00.000Z,BLACKSR, ,1462711.72292,570881.244605, 
51,RSPK,RENAISSANCE REGIONAL PARK,1200 W TYVOLA RD,1200,W,TYVOLA,RD, ,CHARLOTTE,NC,28217,REGIONAL PARK,DEVELOPED,SOUTH,144.685,7045291827,0,0,District 3,District 2,2002-02-01T00:00:00.000Z,BLACKSR, ,1429340.23478,524412.790683, 
52,RURL,RURAL HILL NATURE PRESERVE,4431 NECK RD,4431, ,NECK,RD, ,HUNTERSVILLE,NC,28078,NATURE PRESERVE,DEVELOPED,NORTH,496.473,7048751391,0,0, ,District 1,1998-07-28T00:00:00.000Z,BLACKSR, ,1420228.58067,600299.019837, 
53,SCES,STEELE CREEK ELEMENTARY PARK,4100 GALLANT LN,4100, ,GALLANT,LN, ,CHARLOTTE,NC,28273,NEIGHBORHOOD PARK,DEVELOPED,SOUTH,0,7045831176,0,0,District 3,District 1,1998-07-28T00:00:00.000Z,BLACKSR, ,1414838.45405,516661.927868, 
54,SEDF,SEDGEFIELD NEIGHBORHOOD PARK,621 ELMHURST RD,621, ,ELMHURST,RD, ,CHARLOTTE,NC,28209,NEIGHBORHOOD PARK,DEVELOPED,CENTRAL,5.058,7043362884,0,0,District 1,District 4,1998-07-28T00:00:00.000Z,BLACKSR, ,1444953.4043,532281.446049, 
55,SEVP,SEVERSVILLE NEIGHBORHOOD PARK,540 S BRUNS AVE,540,S,BRUNS,AV, ,CHARLOTTE,NC,28217,NEIGHBORHOOD PARK,DEVELOPED,CENTRAL,11.082,7043531165,0,0,District 2,District 3,2002-04-03T00:00:00.000Z,BLACKSR, ,1442707.19444,547178.620831, 
56,SHAM,SHAMROCK NEIGHBORHOOD PARK,3325 AIRLIE ST,3325, ,AIRLIE,ST, ,CHARLOTTE,NC,28205,NEIGHBORHOOD PARK,DEVELOPED,CENTRAL,2.216,7043363367,0,0,District 1,District 4,1998-07-28T00:00:00.000Z,BLACKSR, ,1467349.19254,545361.966696, 
57,SHFP,SHUFFLETOWN PRAIRIE NATURE PRESERVE,WINDING RIVER RD,0, ,NO ADDRESS, , ,CHARLOTTE,NC,28214,NATURE PRESERVE,DEVELOPED,NORTH,18.061, ,0,0,District 2,District 1,2002-05-13T00:00:00.000Z,BLACKSR, ,1416144.45855,578859.897669, 
58,SHLD,SHEFFIELD NEIGHBORHOOD PARK,1300 TARRINGTON AV,1300, ,TARRINGTON,AV, ,CHARLOTTE,NC,28205,NEIGHBORHOOD PARK,DEVELOPED,SOUTH,7.94,7045684044,0,0,District 5,District 4,1998-07-28T00:00:00.000Z,BLACKSR, ,1472235.77027,534645.359299, 
59,TSRC,TOM SYKES CENTER,1501 EUCLID AV,1501, ,EUCLID,AV, ,CHARLOTTE,NC,28203,RECREATION CENTER,DEVELOPED,CENTRAL,0,7044324803,0,0,District 1,District 4,2007-02-08T00:00:00.000Z,BLACKSR, ,1446771.10266,537409.235819, 
60,SHRM,SHERMAN BRANCH NATURE PRESERVE,3824 CAMP STEWART RD,0, ,NO ADDRESS, , ,MINT HILL,NC,28215,NATURE PRESERVE,DEVELOPED,NORTH,209.614, ,0,0, ,District 6,1998-10-06T00:00:00.000Z,BLACKSR, ,1510076.55829,546264.681741, 
61,SOLO,SOLOMANS NEIGHBORHOOD PARK,3299 VENICE ST,3299, ,VENICE,ST, ,CHARLOTTE,NC,28216,NEIGHBORHOOD PARK,DEVELOPED,CENTRAL,0.662,7043531165,0,0,District 2,District 2,1998-07-28T00:00:00.000Z,BLACKSR, ,1441778.7254,555076.626074, 
62,SPRG,SPRINGFIELD NEIGHBORHOOD PARK,200 DEANWOOD PL,200, ,DEANWOOD,PL, ,CHARLOTTE,NC,28217,NEIGHBORHOOD PARK,DEVELOPED,SOUTH,11.519,7045831176,0,0,District 3,District 2,1998-07-28T00:00:00.000Z,BLACKSR, ,1431135.07638,518528.059351, 
63,STHS,SOUTHSIDE COMMUNITY PARK,600 REMOUNT RD,600, ,REMOUNT,RD, ,CHARLOTTE,NC,28203,COMMUNITY PARK,DEVELOPED,CENTRAL,20.517,7043531165,0,0,District 3,District 2,1998-07-28T00:00:00.000Z,BLACKSR, ,1440003.26401,535942.814713, 
64,STHW,SOUTHWEST COMMUNITY PARK,1729 VILMA ST,1729, ,VILMA,ST, ,CHARLOTTE,NC,28203,COMMUNITY PARK,UNDEVELOPED,CENTRAL,65.433,7043531165,0,0,District 3,District 2,1999-04-01T00:00:00.000Z,BLACKSR, ,1427385.66783,537090.14998, 
65,STMY,ST MARYS CHAPEL,1129 E 3RD ST,1129,E,3RD,ST, ,CHARLOTTE,NC,28204,SPECIAL FACILITY,DEVELOPED,CENTRAL,0,7043331235,0,0,District 1,District 3,1998-07-28T00:00:00.000Z,BLACKSR, ,1452404.81152,538524.246599, 
66,STPC,ST PAULS RAY OF HOPE CENTER,1401 ALLEN ST,1401, ,ALLEN,ST, ,CHARLOTTE,NC,28202,RECREATION CENTER,DEVELOPED,CENTRAL,0,7044326777,0,0,District 1,District 3,2002-04-03T00:00:00.000Z,BLACKSR, ,1457096.83364,543754.660023, 
67,STPH,STEPHENS ROAD NATURE PRESERVE,STEPHENS GROVE LN,0, ,NO ADDRESS, , ,HUNTERSVILLE,NC,28078,NATURE PRESERVE,DEVELOPED,NORTH,343.285, ,0,0, ,District 1,1998-07-28T00:00:00.000Z,BLACKSR, ,1422651.54634,606613.728421, 
68,STVN,STEVENS CREEK NATURE PRESERVE,THOMPSON RD,0, ,NO ADDRESS, , ,MINT HILL,NC,28227,NATURE PRESERVE,UNDEVELOPED,SOUTH,229.551, ,0,0, ,District 6,1998-10-06T00:00:00.000Z,BLACKSR, ,1507884.16398,512627.846293, 
69,SUGC,SUGAW CREEK CENTER,943 W SUGAR CREEK RD,943,W,SUGAR CREEK,RD, ,CHARLOTTE,NC,28213,RECREATION CENTER,DEVELOPED,NORTH,0,7045960107,0,0,District 1,District 3,1998-07-28T00:00:00.000Z,BLACKSR, ,1464641.58929,558907.208504, 
70,SUGP,SUGAW CREEK COMMUNITY PARK,939 W SUGAR CREEK RD,943,W,SUGAR CREEK,RD, ,CHARLOTTE,NC,28213,COMMUNITY PARK,DEVELOPED,NORTH,72.79,7043363367,0,0,District 1,District 3,1998-07-28T00:00:00.000Z,BLACKSR, ,1464644.6741,558917.594372, 
71,SUNH,SUNSET HILLS GOLF COURSE,800 RADIO RD,800, ,RADIO,RD, ,CHARLOTTE,NC,28216,GOLF COURSE,DEVELOPED,NORTH,264.122,7043990980,0,0, ,District 1,1998-07-28T00:00:00.000Z,BLACKSR, ,1437141.01109,571286.014433, 
72,ABBT,ABBOTT NEIGHBORHOOD PARK,1300  SPRUCE ST,1300, ,SPRUCE,ST, ,CHARLOTTE,NC,28203,NEIGHBORHOOD PARK,DEVELOPED,CENTRAL,5.769,7043531165,0,0,District 3,District 2,2007-09-13T00:00:00.000Z,BLACKSR, ,1441242.34652,538496.506585, 
73,ABRC,ALBEMARLE ROAD CENTER,5027 N IDLEWILD RD,5027,N,IDLEWILD,RD, ,CHARLOTTE,NC,28227,RECREATION CENTER,DEVELOPED,SOUTH,0,7045671941,0,0,District 5,District 4,2002-03-18T00:00:00.000Z,BLACKSR, ,1484969.60594,530664.347356, 
74,ABRP,ALBEMARLE ROAD COMMUNITY PARK,9120 E W T HARRIS BV,9120,E,W T HARRIS,BV, ,CHARLOTTE,NC,28227,COMMUNITY PARK,DEVELOPED,SOUTH,21.133,7045684044,0,0,District 5,District 4,2002-03-18T00:00:00.000Z,BLACKSR, ,1484222.65602,530891.315339, 
75,ADMN,ADMINISTRATIVE OFFICE BUILDING,5841  BROOKSHIRE BV,5841, ,BROOKSHIRE,BV, ,CHARLOTTE,NC,28216,SPECIAL FACILITY,DEVELOPED,NORTH,7.917,7043363854,0,0,District 2,District 1,2007-07-09T00:00:00.000Z,BLACKSR, ,1432400.07455,563269.032334, 
76,ALEX,ALEXANDER NEIGHBORHOOD PARK,739 E 12TH ST,739,E,12TH,ST, ,CHARLOTTE,NC,28206,NEIGHBORHOOD PARK,DEVELOPED,CENTRAL,5.956,7043363367,0,0,District 1,District 3,2002-03-18T00:00:00.000Z,BLACKSR, ,1454217.51109,542645.357226, 
77,ALHP,ALLEN HILLS NEIGHBORHOOD PARK,4701 CHEVIOT RD,4701, ,CHEVIOT,RD, ,CHARLOTTE,NC,28269,NEIGHBORHOOD PARK,DEVELOPED,NORTH,11.568,7043368866,0,0,District 4,District 3,2007-10-16T00:00:00.000Z,BLACKSR, ,1457264.01239,563665.409476, 
78,ALHS,ALEXANDRIANA HISTORIC SITE,9921 OLD STATESVILLE RD,9921, ,OLD STATESVILLE,RD, ,CHARLOTTE,NC,28269,SPECIAL FACILITY,DEVELOPED,NORTH,0.902,7043368866,0,0, ,District 3,2002-03-18T00:00:00.000Z,BLACKSR, ,1456631.49502,590104.439981, 
79,AMJC,AMAY JAMES CENTER,2425 LESTER ST,2425, ,LESTER,ST, ,CHARLOTTE,NC,28208,RECREATION CENTER,DEVELOPED,CENTRAL,0,7043363053,0,0,District 3,District 2,2002-03-18T00:00:00.000Z,BLACKSR, ,1432073.54449,534514.175584, 
80,AMJP,AMAY JAMES COMMUNITY PARK,2415 LESTER ST,2414, ,LESTER,ST, ,CHARLOTTE,NC,28208,COMMUNITY PARK,DEVELOPED,CENTRAL,41.576,7043531165,0,0,District 3,District 2,2007-05-01T00:00:00.000Z,BLACKSR, ,1432074.14416,534502.575453, 
81,ANSP,ANITA STROUD NEIGHBORHOOD PARK,2215 DOUBLE OAKS RD,2215, ,DOUBLE OAKS,RD, ,CHARLOTTE,NC,28206,NEIGHBORHOOD PARK,DEVELOPED,CENTRAL,5.3,7043363367,0,0,District 2,District 2,2007-04-20T00:00:00.000Z,BLACKSR, ,1450370.58687,551900.039776, 
82,AQUA,MECKLENBURG COUNTY AQUATIC CENTER,800 E 2ND ST,800,E,2ND,ST, ,CHARLOTTE,NC,28202,RECREATION CENTER,DEVELOPED,CENTRAL,4.134,7043363483,0,0,District 1,District 3,2002-03-18T00:00:00.000Z,BLACKSR, ,1450571.60719,539345.794505, 
83,ARCH,ARCHDALE NEIGHBORHOOD PARK,5400  CHERRYCREST LN,5400, ,CHERRYCREST,LN, ,CHARLOTTE,NC,28217,NEIGHBORHOOD PARK,DEVELOPED,SOUTH,16.611,7045831176,0,0,District 3,District 2,2008-09-02T00:00:00.000Z,BLACKSR, ,1436172.61021,515649.986329, 
84,ARGC,ARBOR GLEN OUTREACH CENTER,1520 CLANTON RD,1520, ,CLANTON,RD, ,CHARLOTTE,NC,28217,RECREATION CENTER,DEVELOPED,CENTRAL,0,7044321531,0,0,District 3,District 2,2002-04-03T00:00:00.000Z,BLACKSR, ,1434448.01584,535922.723604, 
85,AUTN,AUTEN NATURE PRESERVE,NECK RD,0, ,NO ADDRESS, , ,HUNTERSVILLE,NC,28078,NATURE PRESERVE,DEVELOPED,NORTH,269.294, ,0,0, ,District 1,2002-03-18T00:00:00.000Z,BLACKSR, ,1423739.76123,597954.162817, 
86,BAXT,BAXTER STREET NEIGHBORHOOD PARK,1000 BAXTER ST,1000, ,BAXTER,ST, ,CHARLOTTE,NC,28204,NEIGHBORHOOD PARK,DEVELOPED,CENTRAL,3.632,7043362884,0,0,District 1,District 4,2002-03-18T00:00:00.000Z,BLACKSR, ,1450108.19911,537687.781788, 
87,BCKP,BACK CREEK REGIONAL PARK,3343 BACK CREEK CHURCH RD,0, ,NO ADDRESS, , ,CHARLOTTE,NC,28213,REGIONAL PARK,UNDEVELOPED,NORTH,127.246, ,0,0,District 4,District 1,2002-03-18T00:00:00.000Z,BLACKSR, ,1492047.59593,564895.086578, 
88,BERR,BERRYHILL NATURE PRESERVE,10334 WALKERS FERRY RD,0, ,NO ADDRESS,TR, ,CHARLOTTE,NC,28214,NATURE PRESERVE,UNDEVELOPED,SOUTH,159.635, ,0,0, ,District 1,2002-03-18T00:00:00.000Z,BLACKSR, ,1406298.00147,539308.139907, 
89,BIDD,BIDDLEVILLE NEIGHBORHOOD PARK,500  ANDRILL TR,500, ,ANDRILL,TR, ,CHARLOTTE,NC,28216,NEIGHBORHOOD PARK,DEVELOPED,CENTRAL,3.22,7043531165,0,0,District 2,District 2,2007-07-09T00:00:00.000Z,BLACKSR, ,1447589.61352,548667.252069, 
90,BIGR,BIG ROCK NATURE PRESERVE,6500 ELMSTONE DR,0, ,NO ADDRESS, , ,CHARLOTTE,NC,28277,NATURE PRESERVE,UNDEVELOPED,SOUTH,21.852, ,0,0,District 7,District 6,2002-03-18T00:00:00.000Z,BLACKSR, ,1453468.37997,482058.18745, 
91,BLTN,BALLANTYNE COMMUNITY PARK,COMMUNITY HOUSE RD,0, ,NO ADDRESS, , ,CHARLOTTE,NC,28277,COMMUNITY PARK,UNDEVELOPED,SOUTH,91.278, ,0,0,District 7,District 6,2002-03-18T00:00:00.000Z,BLACKSR, ,1452395.03059,475001.916424, 
92,BLYT,BLYTHE LANDING COMMUNITY PARK,15901  NC 73 HY,15901, ,NC 73,HY, ,HUNTERSVILLE,NC,28078,COMMUNITY PARK,DEVELOPED,NORTH,23.744,7048969808,0,0, ,District 1,2007-09-11T00:00:00.000Z,BLACKSR, ,1432921.26389,619148.666892, 
93,HGRC,HICKORY GROVE RECREATION CENTER,6709 PENCE RD,6709, ,PENCE,RD, ,CHARLOTTE,NC,28215,RECREATION CENTER,DEVELOPED,SOUTH,0, ,0,0,District 5,District 4,2008-02-26T00:00:00.000Z,BLACKSR, ,1487092.13188,541515.783685, 
94,OLRC,IVORY BAKER RECREATION CENTER,1295  EUREKA ST,1295, ,EUREKA,ST, ,CHARLOTTE,NC,28206,RECREATION CENTER,DEVELOPED,CENTRAL,0, ,0,0,District 2,District 2,2008-02-26T00:00:00.000Z,BLACKSR, ,1450547.2524,551046.966415, 
95,BRNH,BRACKETT BLUFF NATURE PRESERVE,20520 SHEARER RD,0, ,NO ADDRESS, , ,DAVIDSON,NC,28036,NATURE PRESERVE,DEVELOPED,NORTH,61.074, ,0,0, ,District 1,2003-07-11T00:00:00.000Z,BLACKSR, ,1467023.78093,637060.116217, 
96,BRWD,BRIARWOOD COMMUNITY PARK,5349 WATERWOOD ST,5349, ,WATERWOOD,ST, ,CHARLOTTE,NC,28215,COMMUNITY PARK,DEVELOPED,NORTH,33.284,7043368866,0,0,District 1,District 3,2002-03-18T00:00:00.000Z,BLACKSR, ,1472797.78124,552395.945463, 
97,BRYT,BRYANT NEIGHBORHOOD PARK,1701 W MOREHEAD ST,1701,W,MOREHEAD,ST, ,CHARLOTTE,NC,28208,NEIGHBORHOOD PARK,DEVELOPED,CENTRAL,10.757,7043531165,0,0,District 3,District 3,2002-03-18T00:00:00.000Z,BLACKSR, ,1441724.34238,543159.218571, 
98,CANP,RICHARD BARRY MEMORIAL PARK,BEATTIES FORD RD,0, ,NO ADDRESS, , ,HUNTERSVILLE,NC,28078,COMMUNITY PARK,DEVELOPED,NORTH,41.495,7043368096,0,0, ,District 1,2002-04-03T00:00:00.000Z,BLACKSR, ,1426625.31797,606503.75489,HUNT
99,CAPP,CAPPS COMMUNITY PARK,YOUNGBLOOD RD,0, ,NO ADDRESS, , ,CHARLOTTE,NC,28278,COMMUNITY PARK,UNDEVELOPED,SOUTH,66.542, ,0,0, ,District 1,2003-07-11T00:00:00.000Z,BLACKSR, ,1395719.14607,483682.651012, 
100,CARM,CARMEL ROAD NEIGHBORHOOD PARK,2365 CARMEL RD,2365, ,CARMEL,RD, ,CHARLOTTE,NC,28226,NEIGHBORHOOD PARK,DEVELOPED,SOUTH,9.701,7046433405,0,0,District 6,District 5,1998-07-28T00:00:00.000Z,BLACKSR, ,1459880.02072,508712.682962, 
101,SVCT,SOUTHVIEW CENTER,1720 VILMA ST,1720, ,VILMA,ST, ,CHARLOTTE,NC,28208,RECREATION CENTER,DEVELOPED,CENTRAL,0,7043927452,0,0,District 3,District 2,1999-04-29T00:00:00.000Z,BLACKSR, ,1427379.38629,537089.175225, 
102,CATW,US NATIONAL WHITEWATER CENTER,820  HAWFIELD RD,820, ,HAWFIELD,RD, ,CHARLOTTE,NC,28214,REGIONAL PARK,DEVELOPED,NORTH,288.585,7043368096,0,0, ,District 1,2008-04-21T00:00:00.000Z,BLACKSR, ,1402817.45781,560036.684799, 
103,TEDD,TEDDINGTON NEIGHBORHOOD PARK,5517 FREEDOM DR,0, ,NO ADDRESS, , ,CHARLOTTE,NC,28214,NEIGHBORHOOD PARK,UNDEVELOPED,NORTH,15.114, ,0,0,District 2,District 2,2003-07-11T00:00:00.000Z,BLACKSR, ,1423516.74892,557493.806069, 
104,THMP,THOMPSON NEIGHBORHOOD PARK,1129 E 3RD ST,1129,E,3RD,ST, ,CHARLOTTE,NC,28204,NEIGHBORHOOD PARK,DEVELOPED,CENTRAL,3.331,7043362884,0,0,District 1,District 3,1998-09-02T00:00:00.000Z,BLACKSR, ,1452180.28784,538692.212896, 
105,CDHP,R.C. BRADFORD REGIONAL PARK,DAVIDSON-CONCORD RD,0, ,NO ADDRESS, , ,HUNTERSVILLE,NC,28078,REGIONAL PARK,DEVELOPED,NORTH,211.721, ,0,0, ,District 1,2007-07-09T00:00:00.000Z,BLACKSR, ,1466978.9393,622889.240114,HUNT
106,THRD,THIRD WARD NEIGHBORHOOD PARK,1001 W 4TH ST,1001,W,4TH,ST, ,CHARLOTTE,NC,28202,NEIGHBORHOOD PARK,DEVELOPED,CENTRAL,0.56,7043363367,0,0,District 2,District 3,1998-07-28T00:00:00.000Z,BLACKSR, ,1446126.80003,544887.095632, 
107,CEDR,CEDARWOOD NEIGHBORHOOD PARK,6624 REDDMAN RD,6624, ,REDDMAN,RD, ,CHARLOTTE,NC,28212,NEIGHBORHOOD PARK,DEVELOPED,SOUTH,8.601,7045684044,0,0,District 5,District 4,1998-07-28T00:00:00.000Z,BLACKSR, ,1477174.59192,529105.679076, 
108,TMCW,T. M. WINGET REGIONAL PARK,12025 WINGET RD,12025, ,WINGET,RD, ,CHARLOTTE,NC,28278,REGIONAL PARK,DEVELOPED,SOUTH,106.5,7045291827,0,0,District 3,District 1,1998-07-28T00:00:00.000Z,BLACKSR, ,1401178.29657,508786.407126, 
109,TOMH,TOM HUNTER NEIGHBORHOOD PARK,919 TOM HUNTER RD,919, ,TOM HUNTER,RD, ,CHARLOTTE,NC,28213,NEIGHBORHOOD PARK,DEVELOPED,NORTH,8.386,7043368866,0,0,District 4,District 3,1998-07-28T00:00:00.000Z,BLACKSR, ,1468324.1712,560956.347643, 
110,CHAS,CHARLES AVENUE NEIGHBORHOOD PARK,800 CHARLES AVE,800, ,CHARLES,AV, ,CHARLOTTE,NC,28205,NEIGHBORHOOD PARK,DEVELOPED,CENTRAL,0.629,7043363367,0,0,District 1,District 3,1998-07-28T00:00:00.000Z,BLACKSR, ,1460277.96138,548213.095587, 
111,TRGL,TRADITION GOLF COURSE,3800 PROSPERITY CHURCH RD,3800, ,PROSPERITY CHURCH,RD, ,CHARLOTTE,NC,28269,GOLF COURSE,DEVELOPED,NORTH,193.975,7045499400,0,0,District 4,District 1,1998-07-28T00:00:00.000Z,BLACKSR, ,1470767.79562,586808.77912, 
112,TRYH,TRYON HILLS NEIGHBORHOOD PARK,220 W 30TH ST,220,W,30TH,ST, ,CHARLOTTE,NC,28206,NEIGHBORHOOD PARK,DEVELOPED,CENTRAL,1.91,7043363367,0,0,District 1,District 3,1998-07-28T00:00:00.000Z,BLACKSR, ,1457659.25771,551262.283518, 
113,CHTY,CHANTILLY NEIGHBORHOOD PARK,222  WYANOKE AVE,222, ,WYANOKE,AV, ,CHARLOTTE,NC,28205,NEIGHBORHOOD PARK,DEVELOPED,CENTRAL,6.975,7043362884,0,0,District 1,District 4,1998-07-28T00:00:00.000Z,BLACKSR, ,1459684.66992,535404.783262, 
114,TUCC,TUCKASEEGEE CENTER,4820 TUCKASEEGEE RD,4820, ,TUCKASEEGEE,RD, ,CHARLOTTE,NC,28208,RECREATION CENTER,DEVELOPED,NORTH,0,7043994492,0,0,District 3,District 2,1998-07-28T00:00:00.000Z,BLACKSR, ,1430620.42038,550731.997194, 
115,TUCP,TUCKASEEGEE NEIGHBORHOOD PARK,4820 TUCKASEEGEE RD,4820, ,TUCKASEEGEE,RD, ,CHARLOTTE,NC,28208,NEIGHBORHOOD PARK,DEVELOPED,NORTH,19.735,7043368096,0,0,District 3,District 2,1998-07-28T00:00:00.000Z,BLACKSR, ,1430446.78179,550788.147725, 
116,UNCC,KIRK FARM FIELDS COMMUNITY PARK,210 E MALLARD CREEK CHURCH RD,210,E,MALLARD CREEK CHURCH,RD, ,CHARLOTTE,NC,28262,COMMUNITY PARK,DEVELOPED,NORTH,35.518,7043368866,0,0,District 4,District 1,1998-07-28T00:00:00.000Z,BLACKSR, ,1483179.46221,576146.581213, 
117,CLAN,CLANTON COMMUNITY PARK,1520 CLANTON RD,1520, ,CLANTON,AV, ,CHARLOTTE,NC,28217,COMMUNITY PARK,DEVELOPED,CENTRAL,54.575,7043531165,0,0,District 3,District 2,1998-07-28T00:00:00.000Z,BLACKSR, ,1434460.69747,536098.517615, 
118,UNIV,UNIVERSITY MEADOWS NEIGHBORHOOD PARK,PAVILION DR,0, ,NO ADDRESS, , ,CHARLOTTE,NC,28262,NEIGHBORHOOD PARK,UNDEVELOPED,NORTH,4.743, ,0,0,District 4,District 1,1998-07-28T00:00:00.000Z,BLACKSR, ,1489060.65767,573648.191548, 
119,UNTY,UNITY NEIGHBORHOOD PARK,6401 KELSEY DR,6401, ,KELSEY,RD, ,CHARLOTTE,NC,28215,NEIGHBORHOOD PARK,DEVELOPED,NORTH,5.331,7043368866,0,0,District 5,District 3,1998-07-28T00:00:00.000Z,BLACKSR, ,1476831.16888,552569.649926, 
120,CLEM,CLEMSON AVENUE NEIGHBORHOOD PARK,3028 CLEMSON AVE,3028, ,CLEMSON,AV, ,CHARLOTTE,NC,28205,NEIGHBORHOOD PARK,DEVELOPED,CENTRAL,0.909,7043363367,0,0,District 1,District 3,1998-07-28T00:00:00.000Z,BLACKSR, ,1461636.74436,547720.818429, 
121,UPST,BEREWICK REGIONAL PARK,DIXIE RIVER RD,0, ,NO ADDRESS, , ,CHARLOTTE,NC,28208,REGIONAL PARK,DEVELOPED,SOUTH,203.278, ,0,0, ,District 1,1998-10-06T00:00:00.000Z,BLACKSR, ,1408316.81043,523915.272497, 
122,VETS,VETERANS NEIGHBORHOOD PARK,2136 CENTRAL AV,2136, ,CENTRAL,AV, ,CHARLOTTE,NC,28205,NEIGHBORHOOD PARK,DEVELOPED,CENTRAL,17.556,7043362884,0,0,District 1,District 4,1998-07-28T00:00:00.000Z,BLACKSR, ,1461194.79154,539774.377392, 
123,CLKD,EASTFIELD REGIONAL PARK,13729 EASTFIELD RD,0, ,NO ADDRESS, , ,HUNTERSVILLE,NC,28078,REGIONAL PARK,UNDEVELOPED,NORTH,114.902,7043368866,0,0,District 4,District 1,1998-10-09T00:00:00.000Z,BLACKSR, ,1470610.54362,602263.563732, 
124,VIEW,VIEWMONT NEIGHBORHOOD PARK,5400 VIEWMONT DR,5400, ,VIEWMONT,DR, ,CHARLOTTE,NC,28215,NEIGHBORHOOD PARK,DEVELOPED,NORTH,11.026,7043368866,0,0,District 1,District 3,1998-07-28T00:00:00.000Z,BLACKSR, ,1477494.41831,554226.927373, 
125,CLWD,SHUFFLETOWN COMMUNITY PARK,9530 BELLHAVEN BV,0, ,NO ADDRESS, , ,CHARLOTTE,NC,28216,COMMUNITY PARK,DEVELOPED,NORTH,54.203, ,0,0,District 2,District 1,1998-08-12T00:00:00.000Z,BLACKSR, ,1420040.83032,575660.452278, 
126,WADD,WADDELL STREET NEIGHBORHOOD PARK,1505 WADDELL ST,1505, ,WADDELL,ST, ,CHARLOTTE,NC,28216,NEIGHBORHOOD PARK,DEVELOPED,CENTRAL,4.882,7043531165,0,0,District 2,District 2,1998-07-28T00:00:00.000Z,BLACKSR, ,1448839.99452,552887.399485, 
127,WCLT,WEST CHARLOTTE CENTER,2401 KENDALL DR,2401, ,KENDALL,DR, ,CHARLOTTE,NC,28216,RECREATION CENTER,DEVELOPED,CENTRAL,0,7043931560,0,0,District 2,District 2,1998-07-28T00:00:00.000Z,BLACKSR, ,1445810.22574,557885.487493, 
128,CMCP,CAMPBELL CREEK COMMUNITY PARK,6601 BARCLIFFE DR,6601, ,BARCLIFFE,DR, ,CHARLOTTE,NC,28212,COMMUNITY PARK,DEVELOPED,SOUTH,20.716,7045684044,0,0,District 5,District 4,1998-07-28T00:00:00.000Z,BLACKSR, ,1481781.30899,537915.149103, 
129,WCPK,WEST CHARLOTTE NEIGHBORHOOD PARK,2401 KENDALL DR,2401, ,KENDALL,DR, ,CHARLOTTE,NC,28216,NEIGHBORHOOD PARK,DEVELOPED,CENTRAL,3.216,7043931560,0,0,District 2,District 2,1998-07-28T00:00:00.000Z,BLACKSR, ,1445858.2039,557476.351325, 
130,WEST,WESTERLY HILLS NEIGHBORHOOD PARK,3900 AMERIGO ST,3900, ,AMERIGO,ST, ,CHARLOTTE,NC,28208,NEIGHBORHOOD PARK,DEVELOPED,CENTRAL,12.514,7043531165,0,0,District 3,District 2,1998-07-28T00:00:00.000Z,BLACKSR, ,1431155.75894,544343.398769, 
131,CMGP,CAMP GREENE COMMUNITY PARK,1221 ALLEGHANY ST,1221, ,ALLEGHANY,ST, ,CHARLOTTE,NC,28208,COMMUNITY PARK,DEVELOPED,CENTRAL,27.353,7043531165,0,0,District 3,District 3,1998-07-28T00:00:00.000Z,BLACKSR, ,1435535.9109,546692.185961, 
132,WILM,WILMORE NEIGHBORHOOD PARK,900 SPRUCE ST,900, ,SPRUCE,ST, ,CHARLOTTE,NC,28203,NEIGHBORHOOD PARK,DEVELOPED,CENTRAL,1.271,7043531165,0,0,District 3,District 2,1998-07-28T00:00:00.000Z,BLACKSR, ,1442129.57118,540638.283891, 
133,WING,WINGATE NEIGHBORHOOD PARK,2731 MAYFAIR AV,2731, ,MAYFAIR,AV, ,CHARLOTTE,NC,28208,NEIGHBORHOOD PARK,DEVELOPED,CENTRAL,3.118,7043531165,0,0,District 3,District 2,1998-11-24T00:00:00.000Z,BLACKSR, ,1430094.12522,538449.69929, 
134,COLB,COLONEL FRANCIS J. BEATTY REGIONAL PARK,4330 WEDDINGTON RD,4330, ,WEDDINGTON,RD, ,CHARLOTTE,NC,28105,REGIONAL PARK,DEVELOPED,SOUTH,264.593,7046433405,0,0,District 7,District 6,1998-07-28T00:00:00.000Z,BLACKSR, ,1482797.69568,483905.411422, 
135,WRDP,WILLIAM R. DAVIE REGIONAL PARK,4635  PINEVILLE-MATTHEWS RD,4635, ,PINEVILLE-MATTHEWS,RD, ,CHARLOTTE,NC,28226,REGIONAL PARK,DEVELOPED,SOUTH,106.713,7046433405,0,0,District 7,District 6,2008-05-14T00:00:00.000Z,BLACKSR, ,1460330.63638,492983.22417, 
136,YORK,YORKMONT NEIGHBORHOOD PARK,6417 VICKERS RD,6417, ,VICKERS,RD, ,CHARLOTTE,NC,28217,NEIGHBORHOOD PARK,DEVELOPED,SOUTH,2.665,7045831176,0,0,District 3,District 2,1998-07-28T00:00:00.000Z,BLACKSR, ,1431594.51493,520191.637163, 
137,FLNP,FLAT BRANCH NATURE PRESERVE,TOM SHORT RD,0, ,NO ADDRESS, , ,CHARLOTTE,NC,28277,NATURE PRESERVE,DEVELOPED,SOUTH,42.218, ,0,0,District 7,District 6,2007-02-08T00:00:00.000Z,BLACKSR, ,1462999.58285,476119.321058, 
138,COLL,COLLINS NEIGHBORHOOD PARK,4500 APPLEGATE RD,4500, ,APPLEGATE,RD, ,CHARLOTTE,NC,28209,NEIGHBORHOOD PARK,DEVELOPED,CENTRAL,3.674,7043362884,0,0,District 1,District 5,1998-07-28T00:00:00.000Z,BLACKSR, ,1440891.90235,526281.686032, 
139,AFRM,ALLISON FARM COMMUNITY PARK,21705 SHEARER RD,0, , , , ,HUNTERSVILLE,NC,28078,COMMUNITY PARK,UNDEVELOPED,NORTH,33.642, ,0,0, ,District 1,2008-04-17T00:00:00.000Z,BLACKSR, ,1465637.24177,642387.945329,DAVI
140,WHIT,WHITE COMMUNITY PARK,DAVIDSON-CONCORD RD,0, , , , ,DAVIDSON,NC,28078,COMMUNITY PARK,UNDEVELOPED,NORTH,30.21, ,0,0, ,District 1,2008-04-21T00:00:00.000Z,BLACKSR, ,1469409.55667,621844.834209,DAVI
141,WINT,WINTERFIELD NEIGHBORHOOD PARK,3010 WINTERFIELD PL,0, , , , ,CHARLOTTE,NC,28205,NEIGHBORHOOD PARK,DEVELOPED,SOUTH,13.77, ,0,0,District 5,District 4,2008-04-21T00:00:00.000Z,BLACKSR, ,1472619.60051,535594.486624, 
142,COLN,COLONIAL NEIGHBORHOOD PARK,219 PROVIDENCE RD,219, ,PROVIDENCE,RD, ,CHARLOTTE,NC,28207,NEIGHBORHOOD PARK,DEVELOPED,CENTRAL,2.492,7043362884,0,0,District 1,District 5,1998-07-28T00:00:00.000Z,BLACKSR, ,1455178.71857,535075.133812, 
143,WBNP,WEST BRANCH NATURE PRESERVE, ,0, , , , ,DAVIDSON,NC, ,NATURE PRESERVE,UNDEVELOPED,NORTH,90.721, ,0,0, ,District 1,,BLACKSR, ,1472191.47422,624484.332769, 
144,HAPK,HUNTERSVILLE ATHLETIC COMMUNITY PARK, ,0, , , , ,HUNTERSVILLE,NC, ,COMMUNITY PARK,DEVELOPED,NORTH,74.257, ,0,0, ,District 1,,BLACKSR, ,1450116.55174,602411.641458, 
145,WEPK,ROMARE BEARDEN NEIGHBORHOOD PARK,416 W 3RD ST,0, , , , ,CHARLOTTE,NC,28202,NEIGHBORHOOD PARK,UNDEVELOPED,CENTRAL,4.14, ,0,0,District 2,District 3,2009-04-24T00:00:00.000Z,BLACKSR, ,1448473.78837,542693.227794, 
146,COOK,COOK REGIONAL PARK,ERVIN COOK RD,0, ,NO ADDRESS, , ,CHARLOTTE,NC,28078,REGIONAL PARK,UNDEVELOPED,NORTH,147.148,7048969808,0,0, ,District 1,2005-12-08T00:00:00.000Z,BLACKSR, ,1435428.96839,613626.284382,HUNT
147,MARS,MARSHALL PARK,800 EAST 3RD ST,0, , , , ,CHARLOTTE,NC,28202,SPECIAL FACILITY,DEVELOPED,CENTRAL,5.5, ,0,0,District 1,District 3,2009-04-24T00:00:00.000Z,BLACKSR, ,1450820.48794,540129.386126, 
148,PVLY,PINE VALLEY NEIGHBORHOOD PARK, ,0, , , , ,CHARLOTTE,NC, ,NEIGHBORHOOD PARK,UNDEVELOPED,SOUTH,4.415, ,0,0,District 6,District 2,1899-12-30T00:00:00.000Z,BLACKSR, ,1439074.08796,500887.477476, 
149,LIND,LINDA LAKE NEIGHBORHOOD PARK, ,0, , , , ,CHARLOTTE, , ,NEIGHBORHOOD PARK,UNDEVELOPED,NORTH,9.977, ,0,0,District 5,District 3,1899-12-30T00:00:00.000Z,BLACKSR, ,1484587.97852,548752.538346, 
150,COPP,COPPERHEAD ISLAND,15200 SOLDIER RD,15200, ,SOLDIER,RD, ,CHARLOTTE,NC,28278,NATURE PRESERVE,DEVELOPED,SOUTH,11.212,7045831176,0,0, ,District 1,1998-07-28T00:00:00.000Z,BLACKSR, ,1394440.25999,501026.641929, 
151,ELZA,ELIZABETH NEIGHBORHOOD PARK,1100 E TRADE ST,1100,E,TRADE,ST, ,CHARLOTTE,NC,28204,NEIGHBORHOOD PARK,DEVELOPED,CENTRAL,1.50033, ,0,0,District 1,District 4,1899-12-30T00:00:00.000Z,BLACKSR, ,1452640.74573,539523.495949, 
152,MIDT,MIDTOWN NEIGHBORHOOD PARK,S KINGS DR,0,S,KINGS,DR, ,CHARLOTTE,NC,28204,NEIGHBORHOOD PARK,DEVELOPED,CENTRAL,1.87, ,0,0,District 1,District 4,1899-12-30T00:00:00.000Z,BLACKSR, ,1451659.14737,536784.94908, 
153,CORP,CORDELIA COMMUNITY PARK,2100 N DAVIDSON ST,2100,N,DAVIDSON,ST, ,CHARLOTTE,NC,28205,COMMUNITY PARK,DEVELOPED,CENTRAL,20.894,7043363367,0,0,District 1,District 3,1998-08-12T00:00:00.000Z,BLACKSR, ,1457990.58175,546282.87727, 
154,KING,KINGSTON NEIGHBORHOOD PARK,S TRYON ST,0, , , , ,CHARLOTTE,NC,28203,NEIGHBORHOOD PARK,UNDEVELOPED,CENTRAL,0.84345, ,0,0,District 3,District 2,1899-12-30T00:00:00.000Z,BLACKSR, ,1444332.62586,538160.815856, 
155,COUL,COULWOOD COMMUNITY PARK,100 COULWOOD PARK DR,100, ,COULWOOD PARK,DR, ,CHARLOTTE,NC,28214,COMMUNITY PARK,DEVELOPED,NORTH,24.573,7048751391,0,0,District 2,District 1,1998-07-28T00:00:00.000Z,BLACKSR, ,1421296.36195,571867.13644, 
156,HIDD,HIDDEN VALLEY NEIGHBORHOOD PARK,NORTHCHASE DR,0, , , , ,CHARLOTTE,NC,28213,NEIGHBORHOOD PARK,UNDEVELOPED,CENTRAL,18.36901, ,0,0,District 4,District 3,1899-12-30T00:00:00.000Z,BLACKSR, ,1469748.13006,555419.610833, 
157,BERE,BEREWICK CENTER,5910 DIXIE RIVER RD,5910, ,DIXIE RIVER,RD, ,CHARLOTTE,NC,28208,RECREATION CENTER,DEVELOPED,SOUTH,0, ,0,0, ,District 1,1899-12-30T00:00:00.000Z,BLACKSR, ,1408501.97587,523887.966931, 
158,COWW,COWANS FORD WILDLIFE REFUGE,NECK RD,0, ,NO ADDRESS, , ,HUNTERSVILLE,NC,28078,NATURE PRESERVE,DEVELOPED,NORTH,660.1, ,0,0, ,District 1,1998-08-04T00:00:00.000Z,BLACKSR, ,1411765.58298,596232.057612, 
159,BAIL,BAILEY RD NEIGHBORHOOD PARK,BAILEY RD,0, , , , ,CORNELIUS,NC,28031,NEIGHBORHOOD PARK,UNDEVELOPED,NORTH,10.32483, ,0,0, ,District 1,,BLACKSR, ,1453941.96101,629962.033636,HUNT
160,NMRC,NORTH MECKLENBURG RECREATION CENTER,OLD STATESVILLE RD,0, , , , ,CORNELIUS,NC,28031,RECREATION CENTER,UNDEVELOPED,NORTH,41.3987, ,0,0, ,District 1,,BLACKSR, ,1451180.12586,626764.815856, 
161,CRAP,CAROLINA RAPTOR CENTER,6000 SAMPLE RD,6000, ,SAMPLE,RD, ,HUNTERSVILLE,NC,28216,SPECIAL FACILITY,DEVELOPED,NORTH,0,7048756521,0,0, ,District 1,1998-07-28T00:00:00.000Z,BLACKSR, ,1428409.74684,588306.145609, 
162,MTLD,MOUNTAIN ISLAND NEIGHBORHOOD PARK,11840 MOUNTAIN ISLAND BROOK LN,0, , , , ,CHARLOTTE,NC,28214,NEIGHBORHOOD PARK,UNDEVELOPED,NORTH,4.64132, ,0,0, ,District 1,,BLACKSR, ,1412864.09586,587349.795856, 
163,MRND,MIRANDA NATURE PRESERVE,MIRANDA RD,0, , , , ,CHARLOTTE,NC,28216,NATURE PRESERVE,UNDEVELOPED,NORTH,62.41462, ,0,0, ,District 2,,BLACKSR, ,1438355.38131,581697.066594, 
164,MCTO,MCILWAINE REGIONAL PARK,MCILWAINE RD,0, , , , ,HUNTERSVILLE,NC,28078,REGIONAL PARK,UNDEVELOPED,NORTH,137.70743, ,0,0, ,District 1,,BLACKSR, ,1434385.49586,603436.375856, 
165,CROS,CROSSRIDGE ROAD NEIGHBORHOOD PARK,CROSSRIDGE RD,0, ,NO ADDRESS, , ,CHARLOTTE,NC,28214,NEIGHBORHOOD PARK,UNDEVELOPED,NORTH,7.97, ,0,0,District 3,District 1,2003-07-11T00:00:00.000Z,BLACKSR, ,1419429.84943,556645.69717, 
166,ALLE,ALLEGHANY ST NEIGHBORHOOD PARK,ALLEGHANY ST,0, , , , ,CHARLOTTE,NC,28208,NEIGHBORHOOD PARK,UNDEVELOPED,CENTRAL,5.42143, ,0,0,District 3,District 2,,BLACKSR, ,1432291.87599,547055.815858, 
167,FIRST,FIRST WARD NEIGHBORHOOD PARK,N CALDWELL ST,0, , , , ,CHARLOTTE,NC,28202,NEIGHBORHOOD PARK,UNDEVELOPED,CENTRAL,2.04051, ,0,0,District 1,District 4,,BLACKSR, ,1452240.64187,542657.080008, 
168,CTMY,C.T. MYERS GOLF COURSE,7817 HARRISBURG RD,7817, ,HARRISBURG,RD, ,CHARLOTTE,NC,28215,GOLF COURSE,DEVELOPED,SOUTH,304.449,7045361692,0,0,District 5,District 1,2002-03-18T00:00:00.000Z,BLACKSR, ,1496522.81454,539883.199659, 
169,MATM,MATTHEWS-MINT HILL REGIONAL PARK,MATTHEWS-MINT HILL RD,0, , , , ,MATTHEWS,NC,28105,REGIONAL PARK,UNDEVELOPED,SOUTH,93.15935, ,0,0, ,District 6,,BLACKSR, ,1496506.50784,507596.291545, 
170,CADI,CADILLAC GOLF DRIVING RANGE,10401 CADILLAC ST,0, , , , ,PINEVILLE,NC,28134,GOLF COURSE,DEVELOPED,SOUTH,26.95105, ,0,0, ,District 6,,BLACKSR, ,1437564.62937,495633.669361, 
171,DAVS,CLARK'S CREEK NATURE PRESERVE,5542 HUCKS RD,0, ,NO ADDRESS, , ,CHARLOTTE,NC,28269,NATURE PRESERVE,UNDEVELOPED,NORTH,98.529, ,0,0,District 4,District 1,2003-07-11T00:00:00.000Z,BLACKSR, ,1460538.42413,587342.424973, 
172,MLKR,MARTIN LUTHER KING JR. RECREATION CENTER,500 BILMARK AV,0, , , , ,CHARLOTTE,NC, ,RECREATION CENTER,DEVELOPED,CENTRAL,0, ,0,0,District 4,District 3,1899-12-30T00:00:00.000Z,BLACKSR, ,1469136.26142,555546.351731, 
173,MORC,MERRY OAKS RECREATION CENTER,3508 DRAPER AV,0, , , , ,CHARLOTTE,NC,28205,RECREATION CENTER,DEVELOPED,CENTRAL,0, ,0,0,District 1,District 4,1899-12-30T00:00:00.000Z,BLACKSR, ,1467637.43253,539850.93657, 
174,DBLP,DOUBLE OAKS NEIGHBORHOOD PARK,2605  DOUBLE OAKS RD,2605, ,DOUBLE OAKS,RD, ,CHARLOTTE,NC,28206,NEIGHBORHOOD PARK,DEVELOPED,CENTRAL,15.116,7043363367,0,0,District 2,District 2,2008-05-14T00:00:00.000Z,BLACKSR, ,1451262.34127,553450.410031, 
175,TMRC,THOMASBORO SCHOOL RECREATION CENTER,538 BRADFORD DR,0, , , , ,CHARLOTTE,NC, ,RECREATION CENTER,DEVELOPED,CENTRAL,0, ,0,0,District 2,District 2,1899-12-30T00:00:00.000Z,BLACKSR, ,1433242.12898,553259.800343, 
176,WPRC,WALLACE PRUITT RECREATION CENTER,440 TUCKASEEGEE RD,0, , , , ,CHARLOTTE,NC,28208,RECREATION CENTER,DEVELOPED,CENTRAL,0, ,0,0,District 2,District 2,1899-12-30T00:00:00.000Z,BLACKSR, ,1443186.62426,547067.123091, 
177,WGRC,WINGET RECREATION CENTER,12235 WINGET RD,0, , , , ,CHARLOTTE,NC,28278,RECREATION CENTER,DEVELOPED,SOUTH,0, ,0,0,District 3,District 2,1899-12-30T00:00:00.000Z,BLACKSR, ,1401786.15884,508756.626988, 
178,DBOP,DOUBLE OAKS POOL,1200 NEWLAND RD,1200, ,NEWLAND,RD, ,CHARLOTTE,NC,28206,POOL,DEVELOPED,CENTRAL,2.19,7043362653,0,0,District 4,District 3,1998-07-28T00:00:00.000Z,BLACKSR, ,1451653.27954,553723.551962, 
179,DBWF,DAVID B. WAYMER FLYING REGIONAL PARK,15401 HOLBROOKS RD,15401, ,HOLBROOKS,RD, ,HUNTERSVILLE,NC,28078,REGIONAL PARK,DEVELOPED,NORTH,102.68,7048969808,0,0, ,District 1,1998-07-28T00:00:00.000Z,BLACKSR, ,1458731.00298,606000.159847, 
180,DBWP,DAVID B. WAYMER COMMUNITY PARK,302 HOLBROOKS RD,302, ,HOLBROOKS,RD, ,HUNTERSVILLE,NC,28078,COMMUNITY PARK,DEVELOPED,NORTH,20.365,7048969808,0,0, ,District 1,2003-07-11T00:00:00.000Z,BLACKSR, ,1453028.25559,605262.428015, 
181,DEVS,DEVONSHIRE NEIGHBORHOOD PARK,6330 BARRINGTON DR,6330, ,BARRINGTON,DR, ,CHARLOTTE,NC,28215,NEIGHBORHOOD PARK,DEVELOPED,NORTH,1.484,7045684044,0,0,District 1,District 3,1998-07-28T00:00:00.000Z,BLACKSR, ,1478858.0146,549509.814111, 
182,DOWD,DOWD HOUSE HISTORIC SITE,2216 MONUMENT ST,2216, ,MONUMENT,ST, ,CHARLOTTE,NC,28208,SPECIAL FACILITY,DEVELOPED,CENTRAL,1.252,7043531165,0,0,District 3,District 3,1998-07-28T00:00:00.000Z,BLACKSR, ,1437964.37469,542284.789779, 
183,DRTA,DERITA COMMUNITY PARK,3509 FREW RD,3509, ,FREW,RD, ,CHARLOTTE,NC,28206,COMMUNITY PARK,DEVELOPED,NORTH,23.387,7043363367,0,0,District 1,District 3,1998-07-28T00:00:00.000Z,BLACKSR, ,1460886.46711,554025.039083, 
184,DRUC,DRUID HILLS CENTER,2801 LUCENA ST,2801, ,LUCENA,ST, ,CHARLOTTE,NC,28206,RECREATION CENTER,DEVELOPED,CENTRAL,0,7043531242,0,0,District 4,District 3,2004-03-18T00:00:00.000Z,BLACKSR, ,1455307.47713,553405.298041,CMS
185,DRUD,DRUID HILLS NEIGHBORHOOD PARK,2801 POINSETT ST,2801, ,POINSETT,ST, ,CHARLOTTE,NC,28206,NEIGHBORHOOD PARK,DEVELOPED,CENTRAL,6.922,7043362884,0,0,District 4,District 3,1998-10-07T00:00:00.000Z,BLACKSR, ,1453206.05708,554045.78879, 
186,EALD,EAGLES LANDING NEIGHBORHOOD PARK,EAGLES LANDING DR,0, ,NO ADDRESS, , ,CHARLOTTE,NC,28214,NEIGHBORHOOD PARK,UNDEVELOPED,NORTH,7.487, ,0,0,District 2,District 2,2003-07-11T00:00:00.000Z,BLACKSR, ,1425159.71578,559031.772376, 
187,EASP,EASTWAY COMMUNITY PARK,423 EASTWAY DR,423, ,EASTWAY,DR, ,CHARLOTTE,NC,28215,COMMUNITY PARK,DEVELOPED,NORTH,90.547, ,0,0,District 1,District 3,2003-07-11T00:00:00.000Z,BLACKSR, ,1468626.32878,551824.028961, 
188,EAST,EASTOVER NEIGHBORHOOD PARK,2730 RANDOLPH RD,2730, ,RANDOLPH,RD, ,CHARLOTTE,NC,28207,NEIGHBORHOOD PARK,DEVELOPED,CENTRAL,19.419,7043362884,0,0,District 1,District 5,1998-07-28T00:00:00.000Z,BLACKSR, ,1458395.68998,532584.082774, 
189,EBMP,EB MOORE NEIGHBORHOOD PARK,901 MARSH RD,901, ,MARSH,RD, ,CHARLOTTE,NC,28209,NEIGHBORHOOD PARK,DEVELOPED,CENTRAL,4.017,7043362884,0,0,District 1,District 4,1998-07-28T00:00:00.000Z,BLACKSR, ,1444753.8452,528449.993831, 
190,EDGE,EDGEHILL NEIGHBORHOOD PARK,812 S EDGEHILL RD,812,S,EDGEHILL,RD, ,CHARLOTTE,NC,28207,NEIGHBORHOOD PARK,DEVELOPED,CENTRAL,5.375,7043362884,0,0,District 1,District 5,1998-07-28T00:00:00.000Z,BLACKSR, ,1452643.79453,533762.375571, 
191,ELNC,ELON CENTER,11401 ARDREY KELL RD,11401, ,ARDREY KELL,RD, ,CHARLOTTE,NC,28277,RECREATION CENTER,DEVELOPED,SOUTH,10,7045402426,0,0,District 7,District 6,2008-01-16T00:00:00.000Z,BLACKSR, ,1447640.93587,468327.282147, 
192,ENDC,BETTE RAE THOMAS CENTER,2921 TUCKASEEGEE RD,1220, ,CLAY,AV, ,CHARLOTTE,NC,28208,RECREATION CENTER,DEVELOPED,CENTRAL,6.092,7043937333,0,0,District 3,District 3,1998-07-28T00:00:00.000Z,BLACKSR, ,1439162.5196,548110.618431, 
193,ENDP,ENDERLY NEIGHBORHOOD PARK,1501 ENDERLY RD,1501, ,ENDERLY,RD, ,CHARLOTTE,NC,28208,NEIGHBORHOOD PARK,DEVELOPED,CENTRAL,8.476,7043531165,0,0,District 3,District 3,1998-07-28T00:00:00.000Z,BLACKSR, ,1437471.94602,547784.5067, 
194,EPDO,EAST DISTRICT PARK OFFICE,5715 MONROE RD,5715, ,MONROE,RD, ,CHARLOTTE,NC,28212,SPECIAL FACILITY,DEVELOPED,SOUTH,0,7045684044,0,0,District 5,District 4,2002-06-12T00:00:00.000Z,BLACKSR, ,1472227.86941,527689.407304, 
195,ESTW,EVERGREEN NATURE PRESERVE,NORLAND RD,0, ,NO ADDRESS, , ,CHARLOTTE,NC,28205,NATURE PRESERVE,DEVELOPED,SOUTH,77.414, ,0,0,District 5,District 4,1998-12-14T00:00:00.000Z,BLACKSR, ,1472239.16167,534625.812406, 
196,EZEL,EZELL FARM COMMUNITY PARK,4130 WELL RD,0, ,NO ADDRESS, , ,MINT HILL,NC,28227,COMMUNITY PARK,UNDEVELOPED,SOUTH,87.834, ,0,0, ,District 6,2003-07-11T00:00:00.000Z,BLACKSR, ,1499793.71492,516043.953841, 
197,FIRE,FIREMANS HALL,2601 E 7TH ST,2601,E,7TH,ST, ,CHARLOTTE,NC,28204,SPECIAL FACILITY,DEVELOPED,CENTRAL,0,7043362884,0,0,District 1,District 4,1998-07-28T00:00:00.000Z,BLACKSR, ,1459467.41884,534837.1137, 
198,FIVE,FIVE POINTS NEIGHBORHOOD PARK,200 FRENCH ST,200, ,FRENCH,ST, ,CHARLOTTE,NC,28216,NEIGHBORHOOD PARK,DEVELOPED,CENTRAL,9.246,7043531165,0,0,District 2,District 2,1998-07-28T00:00:00.000Z,BLACKSR, ,1444767.37034,550517.402834, 
199,FLTB,FLAT BRANCH COMMUNITY PARK,11830 TOM SHORT RD,0, ,NO ADDRESS, , ,CHARLOTTE,NC,28277,COMMUNITY PARK,DEVELOPED,SOUTH,54.225, ,0,0,District 7,District 6,1998-10-06T00:00:00.000Z,BLACKSR, ,1463127.95278,476577.213672, 
200,FOUR,FOURTH WARD NEIGHBORHOOD PARK,301 N POPLAR ST,301,N,POPLAR,ST, ,CHARLOTTE,NC,28202,NEIGHBORHOOD PARK,DEVELOPED,CENTRAL,2.917,7043363367,0,0,District 2,District 3,2007-12-12T00:00:00.000Z,BLACKSR, ,1449884.99518,544350.14924, 
201,FRAZ,FRAZIER NEIGHBORHOOD PARK,1200 W 4TH ST EXT,1201,W,4TH,ST,EX,CHARLOTTE,NC,28202,NEIGHBORHOOD PARK,DEVELOPED,CENTRAL,16.479,7043363367,0,0,District 2,District 3,1998-07-28T00:00:00.000Z,BLACKSR, ,1445517.25257,544997.55171, 
202,FRED,FRED ALEXANDER NEIGHBORHOOD PARK,739 E 12TH ST,739,E,12TH,ST, ,CHARLOTTE,NC,28216,NEIGHBORHOOD PARK,DEVELOPED,NORTH,6.044,7043368096,0,0,District 2,District 2,1998-07-28T00:00:00.000Z,BLACKSR, ,1445158.69006,562394.285525, 
203,FREE,FREEDOM REGIONAL PARK,2435 CUMBERLAND AV,2435, ,CUMBERLAND,AV, ,CHARLOTTE,NC,28203,REGIONAL PARK,DEVELOPED,CENTRAL,104.89,7043362884,0,0,District 1,District 5,2007-10-24T00:00:00.000Z,BLACKSR, ,1448885.71454,529821.92946, 
204,FSPK,FIRESTONE COMMUNITY PARK,3501 FIRESTONE DR,3501, ,FIRESTONE,DR, ,CHARLOTTE,NC,28216,COMMUNITY PARK,DEVELOPED,NORTH,54.612,7043368096,0,0,District 2,District 2,1998-07-28T00:00:00.000Z,BLACKSR, ,1441270.3569,564949.79455, 
205,FSTW,FIRST WARD CENTER,610 E 7TH ST,610,E,7TH,ST, ,CHARLOTTE,NC,28202,RECREATION CENTER,DEVELOPED,CENTRAL,0,7043363841,0,0,District 1,District 3,1998-07-28T00:00:00.000Z,BLACKSR, ,1452040.36628,541861.35941, 
206,GATE,ISWA NATURE PRESERVE,9701 WILKINSON BV,9701, ,WILKINSON,BV, ,CHARLOTTE,NC,28214,NATURE PRESERVE,DEVELOPED,SOUTH,99.574,7045831176,0,0, ,District 1,1998-07-28T00:00:00.000Z,BLACKSR, ,1401439.18206,549983.615701, 
207,GCNP,GAR CREEK NATURE PRESERVE,MCCOY RD,0, ,NO ADDRESS, , ,HUNTERSVILLE,NC,28078,NATURE PRESERVE,DEVELOPED,NORTH,353.157, ,0,0, ,District 1,2002-05-13T00:00:00.000Z,BLACKSR, ,1437984.06931,592017.111242, 
208,GRAY,GRAYSON NEIGHBORHOOD PARK,750 BEAL ST,750, ,BEAL,ST, ,CHARLOTTE,NC,28211,NEIGHBORHOOD PARK,DEVELOPED,SOUTH,12.278,7046433405,0,0,District 1,District 4,1998-07-28T00:00:00.000Z,BLACKSR, ,1463607.31856,529167.606476, 
209,GRDY,GRADY COLE CENTER,310 N KINGS DR,310,N,KINGS,DR, ,CHARLOTTE,NC,28204,SPECIAL FACILITY,DEVELOPED,CENTRAL,0,7043530200,0,0,District 1,District 4,1998-07-28T00:00:00.000Z,BLACKSR, ,1453591.57807,539885.924338, 
210,GRHT,GRIER HEIGHTS NEIGHBORHOOD PARK,3110  LEROY ST,3110, ,LEROY,ST, ,CHARLOTTE,NC,28205,NEIGHBORHOOD PARK,DEVELOPED,CENTRAL,5.468,7043362884,0,0,District 1,District 4,2007-07-16T00:00:00.000Z,BLACKSR, ,1459111.40852,530888.415991, 
211,GRNC,GREENVILLE CENTER,1330 SPRING ST,1330, ,SPRING,ST, ,CHARLOTTE,NC,28206,RECREATION CENTER,DEVELOPED,CENTRAL,0,7043363367,0,0,District 2,District 2,1998-07-28T00:00:00.000Z,BLACKSR, ,1450033.3098,549320.763147, 
212,GRNP,GREENVILLE NEIGHBORHOOD PARK,1401 POLK ST,1401, ,POLK,ST, ,CHARLOTTE,NC,28206,NEIGHBORHOOD PARK,DEVELOPED,CENTRAL,16.506,7043363367,0,0,District 2,District 2,1998-07-28T00:00:00.000Z,BLACKSR, ,1449998.40314,548621.943633, 
213,H521,ELON HOMES REGIONAL PARK,11435 ARDREY KELL RD,11435, ,ARDREY KELL,RD, ,CHARLOTTE,NC,28277,REGIONAL PARK,DEVELOPED,SOUTH,118.094,7046433405,0,0,District 7,District 6,1998-10-06T00:00:00.000Z,BLACKSR, ,1447609.92097,468306.293108, 
214,HACP,HARRISBURG ROAD REGIONAL PARK,8045 HARRISBURG RD,0, ,NO ADDRESS, , ,CHARLOTTE,NC,28215,REGIONAL PARK,DEVELOPED,SOUTH,106.622, ,0,0,District 5,District 1,2002-04-03T00:00:00.000Z,BLACKSR, ,1496953.71051,540752.304049, 
215,HARP,HARRISBURG ROAD NEIGHBORHOOD PARK,7701 HARRISBURG RD,7701, ,HARRISBURG,RD, ,CHARLOTTE,NC,28215,NEIGHBORHOOD PARK,DEVELOPED,SOUTH,6.107,7045684044,0,0,District 5,District 1,1998-07-28T00:00:00.000Z,BLACKSR, ,1496503.88883,539833.906475, 
216,HAWC,HAWTHORNE CENTER,345 HAWTHORNE LN,345, ,HAWTHORNE,LN, ,CHARLOTTE,NC,28204,RECREATION CENTER,DEVELOPED,CENTRAL,0,7043362008,0,0,District 1,District 4,1998-07-28T00:00:00.000Z,BLACKSR, ,1455591.61275,538276.656731, 
217,HAYP,HAYMARKET NATURE PRESERVE,11634 BROOKSHIRE BV,0, ,NO ADDRESS, , ,CHARLOTTE,NC,28214,NATURE PRESERVE,UNDEVELOPED,NORTH,100.376, ,0,0, ,District 1,2003-07-11T00:00:00.000Z,BLACKSR, ,1415200.68709,584912.571622, 
218,HORN,HORNETS NEST REGIONAL PARK,6331 BEATTIES FORD RD,6331, ,BEATTIES FORD,RD, ,CHARLOTTE,NC,28216,REGIONAL PARK,DEVELOPED,NORTH,140.358,7043368096,0,0,District 2,District 3,1998-07-28T00:00:00.000Z,BLACKSR, ,1443679.17933,576640.062516, 
219,HORT,HORTICULTURAL MAINTENANCE FACILITY,11826 MALLARD CREEK RD,11826, ,MALLARD CREEK,RD, ,CHARLOTTE,NC,28269,SPECIAL FACILITY,DEVELOPED,NORTH,0,7045494930,0,0,District 4,District 1,1998-08-12T00:00:00.000Z,BLACKSR, ,1476402.92281,589318.383778, 
220,HOSK,HOSKINS NEIGHBORHOOD PARK,3801 GOSSETT AV,3801, ,GOSSETT,AV, ,CHARLOTTE,NC,28208,NEIGHBORHOOD PARK,DEVELOPED,NORTH,15.763,7048751391,0,0,District 2,District 2,1998-07-28T00:00:00.000Z,BLACKSR, ,1437463.88268,554782.88348, 
221,HOWA,HOWIE ACRES NEIGHBORHOOD PARK,1001 TREMBETH DR,1001, ,TREMBETH,DR, ,CHARLOTTE,NC,28205,NEIGHBORHOOD PARK,DEVELOPED,NORTH,7.759,7043363367,0,0,District 1,District 3,1998-07-28T00:00:00.000Z,BLACKSR, ,1467294.47646,550544.553274, 
222,HUNT,HUNTINGTOWNE FARMS COMMUNITY PARK,2400 RAMBLEWOOD LN,2400, ,RAMBLEWOOD,LN, ,CHARLOTTE,NC,28210,COMMUNITY PARK,DEVELOPED,SOUTH,22.741,7046433405,0,0,District 6,District 2,1998-07-28T00:00:00.000Z,BLACKSR, ,1443154.92141,506783.41062, 
223,IDLE,IDLEWILD ROAD REGIONAL PARK,10512 IDLEWILD RD,10512, ,IDLEWILD,RD, ,MINT HILL,NC,28105,REGIONAL PARK,DEVELOPED,SOUTH,125.257,7045684044,0,0, ,District 6,1998-07-28T00:00:00.000Z,BLACKSR, ,1491924.95714,519129.307711, 
224,INDP,INDEPENDENCE NEIGHBORHOOD PARK,300 HAWTHORNE LN,300, ,HAWTHORNE,LN, ,CHARLOTTE,NC,28204,NEIGHBORHOOD PARK,DEVELOPED,CENTRAL,19.821,7043362884,0,0,District 1,District 4,1998-07-28T00:00:00.000Z,BLACKSR, ,1455673.9356,538354.828379, 
225,INPP,INDEPENDENCE POINTE NEIGHBORHOOD PARK,INDEPENDENCE POINTE PY,0, ,NO ADDRESS, , ,MATTHEWS,NC,28105,NEIGHBORHOOD PARK,UNDEVELOPED,SOUTH,11.427, ,0,0, ,District 6,2003-07-11T00:00:00.000Z,BLACKSR, ,1487684.49202,507491.601333,MATT
226,MARM,MARMAC ROAD COMMUNITY PARK,TUCKASEEGEE RD,0, , , , ,CHARLOTTE,NC,28266,COMMUNITY PARK,UNDEVELOPED,NORTH,22.463, ,0,0,District 3,District 2,2008-04-21T00:00:00.000Z,BLACKSR, ,1425065.21143,549557.642708, 
227,IRWN,RAYS SPLASH PLANET,215 N SYCAMORE ST,215,N,SYCAMORE,ST, ,CHARLOTTE,NC,28202,RECREATION CENTER,DEVELOPED,CENTRAL,0,7044324729,0,0,District 2,District 3,1998-10-06T00:00:00.000Z,BLACKSR, ,1446985.91961,546359.441086, 
228,JATC,JEFF ADAMS TENNIS CENTER,1200 W TYVOLA RD,1200,W,TYVOLA,RD, ,CHARLOTTE,NC,28217,SPECIAL FACILITY,DEVELOPED,SOUTH,0,7045291827,0,0,District 3,District 2,1998-07-28T00:00:00.000Z,BLACKSR, ,1430324.92393,522928.360336, 
229,JBCP,JAMES BOYCE COMMUNITY PARK,300 BOYCE RD,300, ,BOYCE,RD, ,CHARLOTTE,NC,28211,COMMUNITY PARK,DEVELOPED,SOUTH,72.964,7045684044,0,0,District 6,District 5,1999-02-11T00:00:00.000Z,BLACKSR, ,1471214.04428,513294.234936, 
230,JPLN,JETTON REGIONAL PARK,19000 JETTON RD,19000, ,JETTON,RD, ,CORNELIUS,NC,28078,REGIONAL PARK,DEVELOPED,NORTH,103.788,7048969808,0,0, ,District 1,1998-07-28T00:00:00.000Z,BLACKSR, ,1434565.99284,633650.828859, 
231,JUPK,JULIAN UNDERWOOD NEIGHBORHOOD PARK,5400 GALWAY DR,5400, ,GALWAY,DR, ,CHARLOTTE,NC,28215,NEIGHBORHOOD PARK,DEVELOPED,SOUTH,13.163,7045684044,0,0,District 1,District 3,1998-07-28T00:00:00.000Z,BLACKSR, ,1476146.30125,548128.521699, 
232,KLBN,KILBORNE COMMUNITY PARK,2600 KILBORNE DR,2600, ,KILBORNE,DR, ,CHARLOTTE,NC,28205,COMMUNITY PARK,DEVELOPED,SOUTH,50.823,7045684044,0,0,District 1,District 4,1998-07-28T00:00:00.000Z,BLACKSR, ,1471111.97424,539884.212181, 
233,LATC,LATTA CENTER,510 EAST PARK AV,510, ,EAST PARK,AV, ,CHARLOTTE,NC,28203,RECREATION CENTER,DEVELOPED,CENTRAL,0,7043362533,0,0,District 1,District 4,1998-07-28T00:00:00.000Z,BLACKSR, ,1446980.76824,536582.789285, 
234,LATN,LATTA PLANTATION NATURE PRESERVE,5226 SAMPLE RD,5226, ,SAMPLE,RD, ,HUNTERSVILLE,NC,28216,NATURE PRESERVE,DEVELOPED,NORTH,1348.334,7048751391,0,0, ,District 1,1998-07-28T00:00:00.000Z,BLACKSR, ,1431133.52043,589991.008961, 
235,LATP,LATTA COMMUNITY PARK,601 EAST PARK AV,601, ,EAST PARK,AV, ,CHARLOTTE,NC,28203,COMMUNITY PARK,DEVELOPED,CENTRAL,31.605,7043362884,0,0,District 1,District 4,1998-07-28T00:00:00.000Z,BLACKSR, ,1447160.2031,536339.037875, 
236,LATT,LATTA PLACE HISTORIC SITE,5225 SAMPLE RD,5225, ,SAMPLE,RD, ,HUNTERSVILLE,NC,28216,SPECIAL FACILITY,DEVELOPED,NORTH,2.988,7048752312,0,0, ,District 1,1998-07-28T00:00:00.000Z,BLACKSR, ,1424849.78851,589015.858036, 
237,LCCP,L.C. COLEMAN NEIGHBORHOOD PARK,1501 MCDONALD ST,1501, ,MCDONALD,ST, ,CHARLOTTE,NC,28216,NEIGHBORHOOD PARK,DEVELOPED,CENTRAL,19.922,7043531165,0,0,District 2,District 2,1998-11-06T00:00:00.000Z,BLACKSR, ,1444327.01466,554187.116117, 
238,DAVP,HUCKS ROAD COMMUNITY PARK,HUCKS RD,0, , , , ,CHARLOTTE,NC,28269,COMMUNITY PARK,UNDEVELOPED,NORTH,31.771, ,0,0,District 4,District 1,2003-07-11T00:00:00.000Z,BLACKSR, ,1460268.10251,587622.448476, 
239,MOEP,MERRY OAKS ELEM. NEIGHBORHOOD PARK,3508 DRAPER AVE,0, , , , ,CHARLOTTE,NC,28205,NEIGHBORHOOD PARK,DEVELOPED,CENTRAL,1.436,7045691496,0,0,District 1,District 4,1998-10-12T00:00:00.000Z,BLACKSR, ,1466732.02159,539660.225011, 
240,MCDP,MCDOWELL CREEK NEIGHBORHOOD PARK,GILEAD RD,0, , , , ,HUNTERSVILLE,NC,28078,NEIGHBORHOOD PARK,UNDEVELOPED,NORTH,14.349, ,0,0, ,District 1,2008-07-28T00:00:00.000Z,BLACKSR, ,1437657.54486,608366.993169, 
241,WMJP,WEST MECK NEIGHBORHOOD PARK,WESTERWOOD DR,0, , , , ,CHARLOTTE,NC,28214,NEIGHBORHOOD PARK,UNDEVELOPED,NORTH,4.085, ,0,0,District 3,District 2,2008-07-28T00:00:00.000Z,BLACKSR, ,1416395.27173,551607.946652, 
242,LKWD,LAKEWOOD NEIGHBORHOOD PARK,3131 KALYNNE ST,3131, ,KAYLNNE,ST, ,CHARLOTTE,NC,28208,NEIGHBORHOOD PARK,DEVELOPED,CENTRAL,10.946,7043531165,0,0,District 2,District 2,1998-07-28T00:00:00.000Z,BLACKSR, ,1439507.42631,552094.742353, 
243,LNCH,LINCOLN HEIGHTS NEIGHBORHOOD PARK,CATHERINE SIMMONS AV,0, ,NO ADDRESS, , ,CHARLOTTE,NC,28216,NEIGHBORHOOD PARK,UNDEVELOPED,CENTRAL,10.316, ,0,0,District 2,District 2,1998-10-12T00:00:00.000Z,BLACKSR, ,1448384.37654,555887.845011, 
244,LPEQ,LATTA PLANTATION EQUESTRIAN CENTER,6201 SAMPLE RD,6201, ,SAMPLE,RD, ,HUNTERSVILLE,NC,28216,SPECIAL FACILITY,DEVELOPED,NORTH,0,7048750808,0,0, ,District 1,1998-07-28T00:00:00.000Z,BLACKSR, ,1429213.19397,588773.357545, 
245,LTLP,LITTLE PEOPLES NEIGHBORHOOD PARK,1120 HARRILL ST,1200, ,HARRILL,ST, ,CHARLOTTE,NC,28205,NEIGHBORHOOD PARK,DEVELOPED,CENTRAL,0.194,7043363367,0,0,District 1,District 3,1998-07-28T00:00:00.000Z,BLACKSR, ,1456404.89648,543042.17361, 
246,LTRC,ROBERT L. SMITH REGIONAL PARK,1604 LITTLE ROCK RD,0, ,NO ADDRESS, , ,CHARLOTTE,NC,28214,REGIONAL PARK,DEVELOPED,NORTH,209.149, ,0,0,District 3,District 1,1998-09-02T00:00:00.000Z,BLACKSR, ,1420690.97553,553800.909945, 
247,PENN,CHARLIE AND IDA GRAHAM COMMUNITY PARK,OLIVER HAGER RD,0, , , , ,HUNTERSVILLE,NC,28078,COMMUNITY PARK,UNDEVELOPED,NORTH,45.551, ,0,0, ,District 1,2008-04-21T00:00:00.000Z,BLACKSR, ,1433550.73055,616092.101677,HUNT
248,MATH,MECK. CO. REGIONAL SPORTS COMPLEX,1601 TANK TOWN RD,0, ,NO ADDRESS, , ,MATTHEWS,NC,28105,REGIONAL PARK,DEVELOPED,SOUTH,196.394, ,0,0, ,District 6,1998-10-06T00:00:00.000Z,BLACKSR, ,1491044.21447,498440.791262, 
